<application>
  <component name="FindSettings">
    <option name="customScope" value="All Places" />
    <option name="defaultScopeName" value="All Places" />
    <option name="SEARCH_SCOPE" value="All Places" />
    <option name="FILE_MASK" value="*.java" />
    <mask>*.properties</mask>
    <mask>*.jsp</mask>
    <mask>*.as</mask>
    <mask>*.css</mask>
    <mask>*.mxml</mask>
    <mask>*.xsd</mask>
    <mask>*.js</mask>
    <mask>pom.xml</mask>
    <mask>*Enum.java</mask>
    <mask>*.htm</mask>
    <mask>*.json</mask>
    <mask>*.ts^^</mask>
    <mask>*.xml</mask>
    <mask>*.sql</mask>
    <mask>*.</mask>
    <mask>*.html</mask>
    <mask>*.ts</mask>
    <mask>*.java</mask>
  </component>
</application>