<application>
  <component name="GetterTemplates">
    <option name="defaultTempalteName" value="Custom" />
    <option name="templates">
      <list>
        <TemplateResource>
          <option name="fileName" value="Builder" />
          <option name="template" value="#if($field.modifierStatic)&#10;static ##&#10;#end&#10;$field.type ##&#10;#set($name = $StringUtil.capitalizeWithJavaBeanConvention($StringUtil.sanitizeJavaIdentifier($helper.getPropertyName($field, $project))))&#10;#if ($field.boolean &amp;&amp; $field.primitive)&#10;is##&#10;#else&#10;get##&#10;#end&#10;${name}() {&#10;return $field.name;&#10;}" />
        </TemplateResource>
        <TemplateResource>
          <option name="fileName" value="Fetch" />
          <option name="template" value="#if($field.modifierStatic)&#10;static ##&#10;#end&#10;$field.type ##&#10;#set($name = $StringUtil.capitalizeWithJavaBeanConvention($StringUtil.sanitizeJavaIdentifier($helper.getPropertyName($field, $project))))&#10;with##&#10;${name}() {&#10;return $field.name;&#10;}" />
        </TemplateResource>
        <TemplateResource>
          <option name="fileName" value="Custom" />
          <option name="template" value="#if($field.modifierStatic)&#10;static ##&#10;#end&#10;$field.type ##&#10;#set($name = $StringUtil.capitalizeWithJavaBeanConvention($StringUtil.sanitizeJavaIdentifier($helper.getPropertyName($field, $project))))&#10;#if ($field.boolean &amp;&amp; $field.primitive)&#10;  is##&#10;#else&#10;  get##&#10;#end&#10;${name}() {&#10;#if ($field.isList())&#10;  this.$field.name = StormLists.getValid($field.name);&#10;#elseif ($field.isSet())&#10;  this.$field.name = StormSets.getValid($field.name);&#10;#end&#10;  return this.$field.name;&#10;}" />
        </TemplateResource>
      </list>
    </option>
  </component>
</application>