<application>
  <component name="GrepConsole">
    <option name="donationNagger">
      <DonationNagger>
        <option name="actionsExecuted" value="6" />
        <option name="firstUsage" value="0" />
        <option name="firstUsedVersion" value="8.6.162.000.5" />
      </DonationNagger>
    </option>
    <option name="profiles">
      <list>
        <Profile>
          <option name="defaultProfile" value="true" />
          <option name="enableFoldings" value="true" />
          <option name="grepExpressionGroups">
            <list>
              <GrepExpressionGroup>
                <option name="grepExpressionItems">
                  <list>
                    <GrepExpressionItem>
                      <option name="grepExpression" value=".*FATAL.*" />
                      <option name="style">
                        <GrepStyle>
                          <option name="backgroundColor">
                            <GrepColor>
                              <option name="color" value="-3328483" />
                              <option name="enabled" value="true" />
                            </GrepColor>
                          </option>
                          <option name="bold" value="true" />
                          <option name="foregroundColor">
                            <GrepColor>
                              <option name="color" value="-1" />
                              <option name="enabled" value="true" />
                            </GrepColor>
                          </option>
                        </GrepStyle>
                      </option>
                    </GrepExpressionItem>
                    <GrepExpressionItem>
                      <option name="grepExpression" value=".*[eE][Rr][rR][Oo][rR].*" />
                      <option name="style">
                        <GrepStyle>
                          <option name="backgroundColor">
                            <GrepColor>
                              <option name="color" value="-3327969" />
                              <option name="enabled" value="true" />
                            </GrepColor>
                          </option>
                          <option name="foregroundColor">
                            <GrepColor>
                              <option name="color" value="-1" />
                              <option name="enabled" value="true" />
                            </GrepColor>
                          </option>
                        </GrepStyle>
                      </option>
                      <option name="unlessGrepExpression" value=".*rror=false.*|.*sendWhenNoError.*|.*MobileErrorLog.*|.*Retry mobile error logs.*|.*[eE]rrors: 0.*|.*Indexing interrupted.*|" />
                    </GrepExpressionItem>
                    <GrepExpressionItem>
                      <option name="caseInsensitive" value="true" />
                      <option name="grepExpression" value=".*WARN.*" />
                      <option name="style">
                        <GrepStyle>
                          <option name="backgroundColor">
                            <GrepColor>
                              <option name="color" value="-12973" />
                              <option name="enabled" value="true" />
                            </GrepColor>
                          </option>
                          <option name="foregroundColor">
                            <GrepColor>
                              <option name="enabled" value="true" />
                            </GrepColor>
                          </option>
                        </GrepStyle>
                      </option>
                    </GrepExpressionItem>
                    <GrepExpressionItem>
                      <option name="grepExpression" value=".*DEBUG.*" />
                      <option name="style">
                        <GrepStyle>
                          <option name="backgroundColor">
                            <GrepColor>
                              <option name="color" value="-1900574" />
                            </GrepColor>
                          </option>
                          <option name="foregroundColor">
                            <GrepColor>
                              <option name="color" value="-5197648" />
                              <option name="enabled" value="true" />
                            </GrepColor>
                          </option>
                        </GrepStyle>
                      </option>
                    </GrepExpressionItem>
                    <GrepExpressionItem>
                      <option name="grepExpression" value=".*TRACE.*" />
                      <option name="style">
                        <GrepStyle>
                          <option name="foregroundColor">
                            <GrepColor>
                              <option name="color" value="-4144960" />
                              <option name="enabled" value="true" />
                            </GrepColor>
                          </option>
                        </GrepStyle>
                      </option>
                    </GrepExpressionItem>
                  </list>
                </option>
                <option name="name" value="default" />
              </GrepExpressionGroup>
              <GrepExpressionGroup>
                <option name="grepExpressionItems">
                  <list>
                    <GrepExpressionItem>
                      <option name="continueMatching" value="true" />
                      <option name="grepExpression" value=".*Application running.*" />
                      <option name="operationOnMatch" value="CONTINUE_MATCHING" />
                      <option name="style">
                        <GrepStyle>
                          <option name="backgroundColor">
                            <GrepColor>
                              <option name="color" value="-12457376" />
                              <option name="enabled" value="true" />
                            </GrepColor>
                          </option>
                        </GrepStyle>
                      </option>
                    </GrepExpressionItem>
                    <GrepExpressionItem>
                      <option name="continueMatching" value="true" />
                      <option name="enabled" value="false" />
                      <option name="grepExpression" value=".*cgm/storm/.*" />
                      <option name="highlightOnlyMatchingText" value="true" />
                      <option name="operationOnMatch" value="CONTINUE_MATCHING" />
                      <option name="style">
                        <GrepStyle>
                          <option name="backgroundColor">
                            <GrepColor>
                              <option name="color" value="-15029272" />
                              <option name="enabled" value="true" />
                            </GrepColor>
                          </option>
                        </GrepStyle>
                      </option>
                    </GrepExpressionItem>
                    <GrepExpressionItem>
                      <option name="continueMatching" value="true" />
                      <option name="grepExpression" value=".*initContent/.*" />
                      <option name="highlightOnlyMatchingText" value="true" />
                      <option name="operationOnMatch" value="CONTINUE_MATCHING" />
                      <option name="style">
                        <GrepStyle>
                          <option name="backgroundColor">
                            <GrepColor>
                              <option name="color" value="-5939" />
                              <option name="enabled" value="true" />
                            </GrepColor>
                          </option>
                          <option name="foregroundColor">
                            <GrepColor>
                              <option name="enabled" value="true" />
                            </GrepColor>
                          </option>
                        </GrepStyle>
                      </option>
                    </GrepExpressionItem>
                    <GrepExpressionItem>
                      <option name="continueMatching" value="true" />
                      <option name="grepExpression" value=".*PermissionDenied.*" />
                      <option name="highlightOnlyMatchingText" value="true" />
                      <option name="operationOnMatch" value="CONTINUE_MATCHING" />
                      <option name="style">
                        <GrepStyle>
                          <option name="backgroundColor">
                            <GrepColor>
                              <option name="color" value="-48348" />
                              <option name="enabled" value="true" />
                            </GrepColor>
                          </option>
                          <option name="foregroundColor">
                            <GrepColor>
                              <option name="color" value="-1" />
                              <option name="enabled" value="true" />
                            </GrepColor>
                          </option>
                        </GrepStyle>
                      </option>
                    </GrepExpressionItem>
                  </list>
                </option>
                <option name="name" value="storm" />
              </GrepExpressionGroup>
              <GrepExpressionGroup>
                <option name="grepExpressionItems">
                  <list>
                    <GrepExpressionItem>
                      <option name="continueMatching" value="true" />
                      <option name="grepExpression" value="Tests run.*" />
                      <option name="operationOnMatch" value="CONTINUE_MATCHING" />
                      <option name="style">
                        <GrepStyle>
                          <option name="backgroundColor">
                            <GrepColor>
                              <option name="color" value="-2293824" />
                              <option name="enabled" value="true" />
                            </GrepColor>
                          </option>
                          <option name="foregroundColor">
                            <GrepColor>
                              <option name="enabled" value="true" />
                            </GrepColor>
                          </option>
                        </GrepStyle>
                      </option>
                    </GrepExpressionItem>
                    <GrepExpressionItem>
                      <option name="continueMatching" value="true" />
                      <option name="enabled" value="false" />
                      <option name="grepExpression" value="Consumer" />
                      <option name="highlightOnlyMatchingText" value="true" />
                      <option name="operationOnMatch" value="CONTINUE_MATCHING" />
                      <option name="style">
                        <GrepStyle>
                          <option name="backgroundColor">
                            <GrepColor>
                              <option name="color" value="-15547" />
                              <option name="enabled" value="true" />
                            </GrepColor>
                          </option>
                        </GrepStyle>
                      </option>
                    </GrepExpressionItem>
                    <GrepExpressionItem>
                      <option name="continueMatching" value="true" />
                      <option name="grepExpression" value="hibernate.SQL" />
                      <option name="highlightOnlyMatchingText" value="true" />
                      <option name="operationOnMatch" value="CONTINUE_MATCHING" />
                      <option name="style">
                        <GrepStyle>
                          <option name="backgroundColor">
                            <GrepColor>
                              <option name="color" value="-5719041" />
                              <option name="enabled" value="true" />
                            </GrepColor>
                          </option>
                        </GrepStyle>
                      </option>
                    </GrepExpressionItem>
                  </list>
                </option>
                <option name="name" value="tests" />
              </GrepExpressionGroup>
              <GrepExpressionGroup>
                <option name="grepExpressionItems">
                  <list>
                    <GrepExpressionItem>
                      <option name="continueMatching" value="true" />
                      <option name="enabled" value="false" />
                      <option name="grepExpression" value=".*elasticsearch.*" />
                      <option name="highlightOnlyMatchingText" value="true" />
                      <option name="operationOnMatch" value="CONTINUE_MATCHING" />
                      <option name="style">
                        <GrepStyle>
                          <option name="backgroundColor">
                            <GrepColor>
                              <option name="color" value="-12451865" />
                              <option name="enabled" value="true" />
                            </GrepColor>
                          </option>
                        </GrepStyle>
                      </option>
                    </GrepExpressionItem>
                  </list>
                </option>
                <option name="name" value="Elasticsearch" />
              </GrepExpressionGroup>
              <GrepExpressionGroup>
                <option name="grepExpressionItems">
                  <list>
                    <GrepExpressionItem>
                      <option name="continueMatching" value="true" />
                      <option name="enabled" value="false" />
                      <option name="grepExpression" value=".*Datasource.*" />
                      <option name="operationOnMatch" value="CONTINUE_MATCHING" />
                      <option name="style">
                        <GrepStyle>
                          <option name="backgroundColor">
                            <GrepColor>
                              <option name="color" value="-6431233" />
                              <option name="enabled" value="true" />
                            </GrepColor>
                          </option>
                        </GrepStyle>
                      </option>
                    </GrepExpressionItem>
                    <GrepExpressionItem>
                      <option name="continueMatching" value="true" />
                      <option name="enabled" value="false" />
                      <option name="grepExpression" value=".*jdbc.*" />
                      <option name="operationOnMatch" value="CONTINUE_MATCHING" />
                      <option name="style">
                        <GrepStyle>
                          <option name="backgroundColor">
                            <GrepColor>
                              <option name="color" value="-6431233" />
                              <option name="enabled" value="true" />
                            </GrepColor>
                          </option>
                        </GrepStyle>
                      </option>
                    </GrepExpressionItem>
                    <GrepExpressionItem>
                      <option name="continueMatching" value="true" />
                      <option name="grepExpression" value=".*Connect to database:.*" />
                      <option name="operationOnMatch" value="CONTINUE_MATCHING" />
                      <option name="style">
                        <GrepStyle>
                          <option name="backgroundColor">
                            <GrepColor>
                              <option name="color" value="-6431233" />
                              <option name="enabled" value="true" />
                            </GrepColor>
                          </option>
                        </GrepStyle>
                      </option>
                    </GrepExpressionItem>
                  </list>
                </option>
                <option name="name" value="db" />
              </GrepExpressionGroup>
            </list>
          </option>
          <option name="id" value="1421916547590" />
          <option name="maxLengthToMatch" value="500" />
          <option name="name" value="default" />
        </Profile>
      </list>
    </option>
    <option name="version" value="1" />
  </component>
</application>