<application>
  <component name="TextDiffSettings">
    <option name="PLACES_MAP">
      <entry key="ChangesView">
        <PlaceSettings>
          <option name="EXPAND_BY_DEFAULT" value="false" />
          <option name="IGNORE_POLICY" value="TRIM_WHITESPACES" />
          <option name="SHOW_LINE_NUMBERS" value="false" />
        </PlaceSettings>
      </entry>
      <entry key="CommitDialog">
        <PlaceSettings>
          <option name="EXPAND_BY_DEFAULT" value="false" />
          <option name="READ_ONLY_LOCK" value="false" />
        </PlaceSettings>
      </entry>
      <entry key="Default">
        <PlaceSettings>
          <option name="IGNORE_POLICY" value="TRIM_WHITESPACES" />
          <option name="SHOW_WHITESPACES" value="true" />
        </PlaceSettings>
      </entry>
    </option>
  </component>
</application>