<application>
  <component name="ParameterNameHintsSettings">
    <blacklists>
      <blacklist language="Java">
        <added pattern="com.cgm.storm.cupboard.RoomServiceTest.createAndSaveRoom(name,oueId,dataInterfaceId)" />
        <added pattern="com.cgm.storm.util.PersistenceHelper.getFieldListByAnotherFieldName(fieldTarget,targetType,fieldSource,value,sourceClass)" />
        <added pattern="com.cgm.storm.topology.OrgUnitCreator.clinic(name)" />
      </blacklist>
    </blacklists>
    <disabledLanguages>
      <language id="JAVA" />
      <language id="TypeScript" />
      <language id="Angular2Html" />
      <language id="JavaScript" />
      <language id="kotlin" />
      <language id="Groovy" />
      <language id="SQL" />
    </disabledLanguages>
  </component>
</application>