<application>
  <component name="GitRememberedInputs">
    <option name="visitedUrls">
      <list>
        <UrlAndUserName>
          <option name="url" value="http://git.cgm.ag" />
          <option name="userName" value="cesardario.moraangarita@cgm.com" />
        </UrlAndUserName>
        <UrlAndUserName>
          <option name="url" value="https://git.cgm.ag/f.steiner/cgm-helix.git" />
          <option name="userName" value="" />
        </UrlAndUserName>
        <UrlAndUserName>
          <option name="url" value="http://github.com" />
          <option name="userName" value="cemsq" />
        </UrlAndUserName>
        <UrlAndUserName>
          <option name="url" value="http://sty-git.sd.local" />
          <option name="userName" value="c.mora@aescudata.at" />
        </UrlAndUserName>
        <UrlAndUserName>
          <option name="url" value="https://git.cgm.ag/cgm-de-aescudata/mirth.git" />
          <option name="userName" value="" />
        </UrlAndUserName>
      </list>
    </option>
    <option name="cloneParentDir" value="C:\g3\" />
  </component>
  <component name="Vcs.Log.App.Settings">
    <option name="SHOW_CHANGES_FROM_PARENTS" value="true" />
    <option name="COLUMN_ORDER">
      <list>
        <option value="0" />
        <option value="1" />
        <option value="2" />
        <option value="3" />
      </list>
    </option>
  </component>
  <component name="VcsApplicationSettings">
    <option name="PATCH_STORAGE_LOCATION" value="C:/g3" />
  </component>
</application>